{"stats":{"minecraft:custom":{"minecraft:open_chest":39,"minecraft:time_since_rest":9875,"minecraft:crouch_one_cm":4338,"minecraft:damage_taken":93,"minecraft:sprint_one_cm":30807,"minecraft:walk_one_cm":26359,"minecraft:sneak_time":1465,"minecraft:walk_under_water_one_cm":14386,"minecraft:drop":11,"minecraft:jump":250,"minecraft:damage_dealt":199,"minecraft:leave_game":1,"minecraft:time_since_death":9875,"minecraft:walk_on_water_one_cm":1453,"minecraft:climb_one_cm":270,"minecraft:interact_with_crafting_table":5,"minecraft:play_one_minute":9875,"minecraft:fly_one_cm":49459,"minecraft:fall_one_cm":4898,"minecraft:player_kills":1},"minecraft:picked_up":{"minecraft:iron_chestplate":1,"minecraft:iron_leggings":1,"minecraft:iron_helmet":1,"minecraft:iron_ingot":1,"minecraft:cooked_chicken":61,"minecraft:redstone_torch":1,"minecraft:iron_sword":1,"minecraft:iron_boots":1,"minecraft:egg":1},"minecraft:used":{"minecraft:egg":1,"minecraft:iron_sword":5,"minecraft:cooked_chicken":3,"minecraft:redstone_torch":1},"minecraft:mined":{"minecraft:redstone_torch":1},"minecraft:crafted":{"minecraft:iron_sword":2,"minecraft:iron_leggings":2,"minecraft:iron_boots":2,"minecraft:iron_chestplate":2,"minecraft:iron_helmet":2},"minecraft:dropped":{"minecraft:iron_helmet":2,"minecraft:iron_leggings":2,"minecraft:iron_sword":2,"minecraft:iron_boots":2,"minecraft:cooked_chicken":61,"minecraft:iron_chestplate":2}},"DataVersion":2230}