{"stats":{"minecraft:custom":{"minecraft:open_chest":12,"minecraft:time_since_rest":2202,"minecraft:play_one_minute":9122,"minecraft:crouch_one_cm":141,"minecraft:damage_taken":376,"minecraft:sprint_one_cm":49037,"minecraft:open_enderchest":1,"minecraft:walk_one_cm":12874,"minecraft:deaths":1,"minecraft:sneak_time":110,"minecraft:walk_under_water_one_cm":4000,"minecraft:drop":2,"minecraft:jump":341,"minecraft:damage_dealt":73,"minecraft:time_since_death":2173,"minecraft:walk_on_water_one_cm":1497,"minecraft:climb_one_cm":1226,"minecraft:swim_one_cm":5270,"minecraft:fly_one_cm":79385,"minecraft:fall_one_cm":9162},"minecraft:killed_by":{"minecraft:player":1},"minecraft:picked_up":{"minecraft:iron_chestplate":1,"minecraft:iron_leggings":1,"minecraft:acacia_planks":1,"minecraft:torch":1,"minecraft:iron_helmet":1,"minecraft:cooked_chicken":2,"minecraft:iron_sword":1,"minecraft:oak_planks":1,"minecraft:iron_boots":1,"minecraft:dirt":1},"minecraft:used":{"minecraft:cooked_chicken":3,"minecraft:torch":1,"minecraft:dirt":1,"minecraft:oak_planks":1,"minecraft:acacia_planks":1},"minecraft:mined":{"minecraft:grass_block":1,"minecraft:acacia_planks":1,"minecraft:oak_planks":1,"minecraft:torch":1},"minecraft:dropped":{"minecraft:cooked_chicken":2}},"DataVersion":2230}