{"stats":{"minecraft:custom":{"minecraft:jump":53,"minecraft:open_chest":2,"minecraft:time_since_rest":9887,"minecraft:damage_taken":20,"minecraft:play_one_minute":9887,"minecraft:leave_game":1,"minecraft:open_enderchest":1,"minecraft:sprint_one_cm":10353,"minecraft:time_since_death":9887,"minecraft:walk_on_water_one_cm":1886,"minecraft:walk_one_cm":3811,"minecraft:sneak_time":5,"minecraft:walk_under_water_one_cm":1165,"minecraft:swim_one_cm":1229,"minecraft:fall_one_cm":1020,"minecraft:fly_one_cm":13711}},"DataVersion":2230}