{"stats":{"minecraft:custom":{"minecraft:animals_bred":2,"minecraft:interact_with_crafting_table":161,"minecraft:bell_ring":200,"minecraft:leave_game":21,"minecraft:time_since_death":0,"minecraft:damage_resisted":16,"minecraft:sprint_one_cm":2045281,"minecraft:damage_blocked_by_shield":4723,"minecraft:drop":128,"minecraft:talked_to_villager":9,"minecraft:deaths":1,"minecraft:jump":9726,"minecraft:walk_on_water_one_cm":101939,"minecraft:enchant_item":2,"minecraft:interact_with_furnace":171,"minecraft:play_record":32,"minecraft:play_one_minute":645749,"minecraft:interact_with_loom":3,"minecraft:sleep_in_bed":12,"minecraft:open_enderchest":5,"minecraft:damage_dealt":41288,"minecraft:crouch_one_cm":48707,"minecraft:horse_one_cm":936755,"minecraft:mob_kills":324,"minecraft:interact_with_anvil":1,"minecraft:damage_dealt_resisted":64,"minecraft:climb_one_cm":78312,"minecraft:walk_one_cm":1622924,"minecraft:raid_win":1,"minecraft:sneak_time":16268,"minecraft:walk_under_water_one_cm":114483,"minecraft:boat_one_cm":402960,"minecraft:interact_with_blast_furnace":2,"minecraft:tune_noteblock":3,"minecraft:interact_with_stonecutter":1,"minecraft:time_since_rest":70,"minecraft:damage_taken":8840,"minecraft:swim_one_cm":132083,"minecraft:fly_one_cm":2064056,"minecraft:open_chest":731,"minecraft:fish_caught":2,"minecraft:fall_one_cm":228243},"minecraft:killed":{"minecraft:witch":2,"minecraft:spider":21,"minecraft:cod":23,"minecraft:skeleton":37,"minecraft:bee":1,"minecraft:chicken":85,"minecraft:pig":1,"minecraft:zombie_villager":3,"minecraft:creeper":10,"minecraft:sheep":16,"minecraft:pillager":4,"minecraft:zombie":94,"minecraft:cow":8,"minecraft:evoker":1,"minecraft:vex":2,"minecraft:vindicator":1,"minecraft:phantom":1,"minecraft:drowned":1,"minecraft:husk":9,"minecraft:enderman":2},"minecraft:picked_up":{"minecraft:wheat":33,"minecraft:lead":4,"minecraft:music_disc_cat":1,"minecraft:string":18,"minecraft:smooth_stone":58,"minecraft:acacia_sign":17,"minecraft:acacia_fence_gate":1,"minecraft:iron_pickaxe":1,"minecraft:coal_block":4,"minecraft:melon_slice":10,"minecraft:furnace":9,"minecraft:stick":53,"minecraft:jukebox":1,"minecraft:acacia_fence":17,"minecraft:oak_fence":12,"minecraft:torch":82,"minecraft:acacia_log":106,"minecraft:porkchop":1,"minecraft:diorite":171,"minecraft:stone_sword":1,"minecraft:rotten_flesh":150,"minecraft:iron_block":5,"minecraft:carved_pumpkin":1,"minecraft:music_disc_wait":5,"minecraft:cod":26,"minecraft:cobblestone":4344,"minecraft:feather":141,"minecraft:cooked_beef":6,"minecraft:water_bucket":1,"minecraft:andesite":298,"minecraft:potato":5,"minecraft:flint":7,"minecraft:map":1,"minecraft:lapis_lazuli":284,"minecraft:dirt":827,"minecraft:lantern":1,"minecraft:bone":52,"minecraft:glass":123,"minecraft:acacia_planks":105,"minecraft:bow":5,"minecraft:wheat_seeds":300,"minecraft:glowstone_dust":1,"minecraft:oak_planks":17,"minecraft:cooked_porkchop":1,"minecraft:music_disc_13":3,"minecraft:sand":290,"minecraft:acacia_stairs":12,"minecraft:diamond":45,"minecraft:writable_book":1,"minecraft:crossbow":1,"minecraft:granite":257,"minecraft:emerald":2,"minecraft:jack_o_lantern":1,"minecraft:oak_sapling":6,"minecraft:netherrack":1,"minecraft:oak_leaves":202,"minecraft:fishing_rod":1,"minecraft:spruce_leaves":30,"minecraft:crafting_table":8,"minecraft:azure_bluet":24,"minecraft:chicken":545,"minecraft:ladder":47,"minecraft:wooden_pickaxe":1,"minecraft:cornflower":26,"minecraft:iron_axe":1,"minecraft:acacia_door":3,"minecraft:wooden_sword":1,"minecraft:item_frame":1,"minecraft:iron_shovel":2,"minecraft:glass_pane":34,"minecraft:beef":12,"minecraft:oak_boat":14,"minecraft:iron_nugget":76,"minecraft:poppy":49,"minecraft:chest":8,"minecraft:sugar_cane":30,"minecraft:egg":1422,"minecraft:sandstone":1,"minecraft:stone":8,"minecraft:music_disc_11":4,"minecraft:redstone":1343,"minecraft:smooth_sandstone_slab":2,"minecraft:arrow":59,"minecraft:beetroot_seeds":1,"minecraft:shears":1,"minecraft:totem_of_undying":1,"minecraft:saddle":1,"minecraft:gold_ingot":44,"minecraft:mutton":28,"minecraft:white_wool":29,"minecraft:rail":9,"minecraft:oxeye_daisy":9,"minecraft:leather":16,"minecraft:music_disc_stal":15,"minecraft:birch_planks":1,"minecraft:oak_log":79,"minecraft:gunpowder":6,"minecraft:white_banner":1,"minecraft:cooked_mutton":7,"minecraft:smooth_sandstone":9,"minecraft:apple":3,"minecraft:kelp":11,"minecraft:stone_pickaxe":1,"minecraft:iron_ingot":12,"minecraft:oak_fence_gate":2,"minecraft:cooked_chicken":359,"minecraft:iron_ore":251,"minecraft:glass_bottle":2,"minecraft:acacia_sapling":7,"minecraft:oak_slab":51,"minecraft:pumpkin":10,"minecraft:sweet_berries":19,"minecraft:dandelion":41,"minecraft:gravel":72,"minecraft:spruce_sapling":2,"minecraft:white_bed":5,"minecraft:spruce_log":248,"minecraft:gold_ore":112,"minecraft:spider_eye":21,"minecraft:music_disc_mall":5,"minecraft:pumpkin_seeds":8,"minecraft:stone_axe":1,"minecraft:acacia_slab":153,"minecraft:coal":427,"minecraft:ender_pearl":2},"minecraft:used":{"minecraft:jack_o_lantern":2,"minecraft:writable_book":1,"minecraft:iron_shovel":911,"minecraft:ladder":111,"minecraft:poppy":7,"minecraft:chest":20,"minecraft:iron_sword":316,"minecraft:rotten_flesh":1,"minecraft:spruce_leaves":14,"minecraft:acacia_sapling":4,"minecraft:music_disc_13":5,"minecraft:music_disc_11":4,"minecraft:azure_bluet":2,"minecraft:glass":6,"minecraft:lantern":14,"minecraft:music_disc_chirp":1,"minecraft:music_disc_wait":2,"minecraft:item_frame":2,"minecraft:music_disc_stal":15,"minecraft:bow":1,"minecraft:sweet_berries":19,"minecraft:furnace":16,"minecraft:oak_sapling":3,"minecraft:acacia_fence":23,"minecraft:egg":329,"minecraft:stone_pickaxe":131,"minecraft:oak_planks":17,"minecraft:wooden_pickaxe":12,"minecraft:oak_leaves":140,"minecraft:crossbow":1,"minecraft:shears":217,"minecraft:acacia_door":4,"minecraft:music_disc_mall":4,"minecraft:melon_slice":10,"minecraft:bread":6,"minecraft:diamond_sword":535,"minecraft:wooden_sword":22,"minecraft:andesite":36,"minecraft:oak_boat":14,"minecraft:bone_meal":11,"minecraft:oak_fence":11,"minecraft:stone_sword":99,"minecraft:cooked_chicken":157,"minecraft:stone_hoe":4,"minecraft:torch":420,"minecraft:dirt":673,"minecraft:oak_fence_gate":2,"minecraft:iron_axe":421,"minecraft:acacia_slab":149,"minecraft:cooked_beef":2,"minecraft:pumpkin":1,"minecraft:wheat_seeds":36,"minecraft:cooked_mutton":24,"minecraft:water_bucket":68,"minecraft:birch_planks":1,"minecraft:music_disc_cat":1,"minecraft:oak_slab":301,"minecraft:crafting_table":11,"minecraft:white_bed":6,"minecraft:cake":1,"minecraft:oak_log":1,"minecraft:cornflower":1,"minecraft:acacia_stairs":42,"minecraft:diamond_pickaxe":4798,"minecraft:apple":1,"minecraft:oxeye_daisy":1,"minecraft:acacia_sign":10,"minecraft:iron_pickaxe":1269,"minecraft:stone_axe":36,"minecraft:fishing_rod":5,"minecraft:cobblestone":404,"minecraft:bucket":68,"minecraft:glass_pane":190,"minecraft:kelp":1,"minecraft:jukebox":2},"minecraft:mined":{"minecraft:white_bed":5,"minecraft:oak_sapling":1,"minecraft:carved_pumpkin":1,"minecraft:granite":272,"minecraft:acacia_log":92,"minecraft:grass_block":352,"minecraft:oxeye_daisy":3,"minecraft:iron_ore":258,"minecraft:pumpkin":4,"minecraft:azure_bluet":8,"minecraft:torch":27,"minecraft:poppy":20,"minecraft:melon":3,"minecraft:chest":8,"minecraft:cobblestone":122,"minecraft:sugar_cane":12,"minecraft:oak_planks":17,"minecraft:smooth_sandstone_slab":1,"minecraft:wall_torch":29,"minecraft:wheat":33,"minecraft:jukebox":1,"minecraft:grass":124,"minecraft:oak_log":79,"minecraft:oak_fence_gate":1,"minecraft:acacia_fence":11,"minecraft:sand":209,"minecraft:dirt":313,"minecraft:acacia_sign":5,"minecraft:netherrack":1,"minecraft:oak_leaves":209,"minecraft:diamond_ore":37,"minecraft:jack_o_lantern":1,"minecraft:ladder":47,"minecraft:spruce_leaves":42,"minecraft:acacia_slab":114,"minecraft:sandstone":1,"minecraft:redstone_ore":264,"minecraft:furnace":9,"minecraft:acacia_stairs":9,"minecraft:andesite":294,"minecraft:lantern":1,"minecraft:stone":4283,"minecraft:oak_slab":32,"minecraft:acacia_leaves":12,"minecraft:glass_pane":10,"minecraft:dandelion":11,"minecraft:oak_fence":6,"minecraft:crafting_table":8,"minecraft:smooth_sandstone":1,"minecraft:cornflower":8,"minecraft:lapis_ore":40,"minecraft:diorite":174,"minecraft:birch_planks":1,"minecraft:sweet_berry_bush":3,"minecraft:coal_ore":318,"minecraft:gravel":72,"minecraft:gold_ore":114,"minecraft:acacia_wall_sign":1},"minecraft:crafted":{"minecraft:oak_planks":204,"minecraft:smooth_stone":29,"minecraft:stone":37,"minecraft:cooked_mutton":26,"minecraft:cake":1,"minecraft:glass":107,"minecraft:iron_boots":2,"minecraft:chest":12,"minecraft:acacia_fence":15,"minecraft:stone_hoe":1,"minecraft:oak_slab":264,"minecraft:item_frame":1,"minecraft:cooked_porkchop":1,"minecraft:crafting_table":4,"minecraft:spruce_planks":8,"minecraft:acacia_slab":36,"minecraft:wooden_pickaxe":1,"minecraft:iron_helmet":2,"minecraft:iron_chestplate":2,"minecraft:book":2,"minecraft:paper":6,"minecraft:diamond_pickaxe":1,"minecraft:yellow_dye":1,"minecraft:shield":2,"minecraft:stick":316,"minecraft:iron_ingot":251,"minecraft:iron_pickaxe":6,"minecraft:iron_block":8,"minecraft:stone_sword":1,"minecraft:acacia_door":3,"minecraft:gold_ingot":73,"minecraft:shears":1,"minecraft:wooden_sword":1,"minecraft:coal":54,"minecraft:fishing_rod":1,"minecraft:jukebox":1,"minecraft:iron_nugget":234,"minecraft:furnace":7,"minecraft:acacia_fence_gate":1,"minecraft:jack_o_lantern":1,"minecraft:bone_meal":15,"minecraft:glass_pane":224,"minecraft:lantern":13,"minecraft:iron_axe":3,"minecraft:ladder":69,"minecraft:stone_pickaxe":1,"minecraft:cooked_beef":12,"minecraft:coal_block":17,"minecraft:sugar":2,"minecraft:diamond_sword":1,"minecraft:iron_sword":1,"minecraft:bucket":4,"minecraft:acacia_stairs":36,"minecraft:stone_axe":1,"minecraft:bread":6,"minecraft:air":0,"minecraft:blue_dye":1,"minecraft:oak_boat":1,"minecraft:acacia_sign":6,"minecraft:iron_shovel":6,"minecraft:iron_leggings":2,"minecraft:white_bed":1,"minecraft:acacia_planks":352,"minecraft:torch":380},"minecraft:broken":{"minecraft:iron_shovel":2,"minecraft:stone_pickaxe":1,"minecraft:iron_sword":1,"minecraft:shield":1,"minecraft:iron_axe":1,"minecraft:iron_pickaxe":5,"minecraft:iron_helmet":1},"minecraft:dropped":{"minecraft:flint":2,"minecraft:spruce_leaves":14,"minecraft:dirt":20,"minecraft:cornflower":12,"minecraft:wooden_sword":2,"minecraft:sand":2,"minecraft:bone":2,"minecraft:gravel":11,"minecraft:cooked_chicken":25,"minecraft:wheat":3,"minecraft:rotten_flesh":24,"minecraft:cooked_mutton":7,"minecraft:azure_bluet":8,"minecraft:gunpowder":1,"minecraft:beetroot_seeds":1,"minecraft:acacia_sapling":3,"minecraft:egg":134,"minecraft:iron_ingot":2,"minecraft:wheat_seeds":212,"minecraft:cobblestone":1476,"minecraft:feather":41,"minecraft:granite":76,"minecraft:stick":15,"minecraft:acacia_sign":5,"minecraft:oxeye_daisy":2,"minecraft:diorite":123,"minecraft:pumpkin":3,"minecraft:smooth_stone":29,"minecraft:string":2,"minecraft:acacia_planks":47,"minecraft:dandelion":10,"minecraft:redstone":333,"minecraft:kelp":10,"minecraft:chicken":1,"minecraft:andesite":132,"minecraft:spider_eye":1,"minecraft:stone_pickaxe":1,"minecraft:wooden_pickaxe":2}},"DataVersion":2230}